[run number],ground-weeds?,world-area,patch-grain,[step],BA-by-species,age-by-species,dbh-by-species,hgt-by-species,abundances,siminputrow
1,TRUE,1,4,100,[0 0 0 0 0 0 0 0],[193 74 250 14 55 113 286 68],[0.13 0.111 0.129 0.084 0.136 0.183 0.12 0.252],[7.708 6.249 7.799 3.608 5.067 7.168 2.846 7.5],[62 178 83 1 130 22 112 8],1
1,TRUE,1,4,200,[0 0 0 0 0 0 0 0],[293 137 350 0 78 201 386 0],[0.218 0.142 0.196 0 0.195 0.248 0.135 0],[11.541 7.132 10.58 0 6.167 8.689 3.227 0],[68 230 106 0 79 25 116 0],1
1,TRUE,1,4,300,[0 0 0 0 0 0 0 0],[255 118 296 0 41 301 204 0],[0.164 0.116 0.168 0 0.119 0.358 0.157 0],[9.13 6.25 9.28 0 4.683 11.408 2.606 0],[76 203 92 0 82 12 87 0],1
1,TRUE,1,4,400,[0 0 0 0 0 0 0 0],[245 125 253 0 59 401 173 0],[0.181 0.129 0.193 0 0.14 0.516 0.158 0],[10.088 6.694 10.63 0 5.163 15.421 3.054 0],[81 272 100 0 66 9 115 0],1
1,TRUE,1,4,500,[0 0 0 0 0 0 0 0],[281 88 242 0 69 319 273 0],[0.168 0.099 0.163 0 0.124 0.296 0.145 0],[9.241 5.697 9.142 0 4.711 9.515 2.839 0],[79 154 109 0 94 8 117 0],1
1,TRUE,1,4,600,[0 0 0 0 0 0 0 0],[271 131 299 0 55 419 161 0],[0.138 0.091 0.184 0 0.107 0.416 0.114 0],[7.91 5.349 9.837 0 4.352 11.818 2.48 0],[58 150 56 0 54 5 63 0],1
1,TRUE,1,4,700,[0 0 0 0 0 0 0 0],[371 122 281 0 58 260 169 0],[0.173 0.142 0.18 0 0.152 0.241 0.141 0],[9.637 7.111 9.882 0 5.516 8.209 2.993 0],[90 278 81 0 69 5 119 0],1
1,TRUE,1,4,800,[0 0 0 0 0 0 0 0],[215 135 255 0 69 360 236 0],[0.229 0.141 0.198 0 0.174 0.741 0.164 0],[11.956 7.045 10.668 0 5.977 20.076 3.182 0],[124 227 115 0 39 2 124 0],1
1,TRUE,1,4,900,[0 0 0 0 0 0 0 0],[278 131 198 0 43 0 263 0],[0.12 0.096 0.148 0 0.143 0 0.138 0],[7.086 5.657 8.479 0 5.299 0 2.668 0],[86 127 50 0 50 0 109 0],1
1,TRUE,1,4,1000,[0 0 0 0 0 0 0 0],[248 76 141 0 43 0 148 0],[0.125 0.111 0.112 0 0.145 0 0.118 0],[7.629 6.27 7.085 0 5.433 0 2.783 0],[83 182 66 0 67 0 160 0],1
2,TRUE,1,4,100,[0 0 0 0 0 0 0 0],[203 98 486 0 85 125 217 115],[0.2 0.126 0.162 0 0.142 0.198 0.108 0.313],[10.451 6.548 9.059 0 5.244 7.609 3.1 7.831],[100 77 134 0 120 45 104 9],1
2,TRUE,1,4,200,[0 0 0 0 0 0 0 0],[282 56 317 0 46 225 315 0],[0.169 0.107 0.2 0 0.125 0.252 0.151 0],[9.3 6.057 10.499 0 4.905 8.83 2.721 0],[138 55 116 0 45 45 122 0],1
2,TRUE,1,4,300,[0 0 0 0 0 0 0 0],[262 95 417 0 56 325 325 0],[0.187 0.118 0.216 0 0.143 0.336 0.161 0],[10.163 6.297 11.124 0 5.231 10.682 2.701 0],[158 42 127 0 67 47 133 0],1
2,TRUE,1,4,400,[0 0 0 0 0 0 0 0],[266 79 517 0 56 401 208 0],[0.152 0.143 0.152 0 0.17 0.34 0.147 0],[8.694 7.098 8.689 0 5.763 10.828 3.223 0],[159 63 152 0 78 18 139 0],1
2,TRUE,1,4,500,[0 0 0 0 0 0 0 0],[184 47 229 0 57 501 255 0],[0.126 0.079 0.128 0 0.13 0.335 0.146 0],[7.541 5.041 7.62 0 4.955 9.934 3.041 0],[106 35 90 0 71 9 123 0],1
2,TRUE,1,4,600,[0 0 0 0 0 0 0 0],[262 46 165 0 50 147 152 0],[0.14 0.073 0.123 0 0.095 0.14 0.159 0],[8.042 4.741 7.463 0 4.05 5.738 2.348 0],[83 24 103 0 27 10 40 0],1
2,TRUE,1,4,700,[0 0 0 0 0 0 0 0],[362 96 202 0 61 166 129 0],[0.174 0.126 0.169 0 0.175 0.411 0.125 0],[9.789 6.622 9.685 0 5.934 13.589 2.791 0],[133 78 197 0 154 3 80 0],1
2,TRUE,1,4,800,[0 0 0 0 0 0 0 0],[306 96 228 0 52 186 204 0],[0.145 0.099 0.187 0 0.132 0.574 0.151 0],[8.24 5.61 10.076 0 4.978 17.906 2.962 0],[129 54 176 0 112 1 77 0],1
2,TRUE,1,4,900,[0 0 0 0 0 0 0 0],[345 111 308 0 53 0 157 0],[0.145 0.078 0.125 0 0.148 0 0.128 0],[8.33 4.757 7.484 0 5.23 0 2.327 0],[125 28 188 0 57 0 64 0],1
2,TRUE,1,4,1000,[0 0 0 0 0 0 0 0],[267 54 279 0 45 0 136 0],[0.116 0.085 0.126 0 0.099 0 0.164 0],[7.053 5.209 7.566 0 4.048 0 2.746 0],[98 41 154 0 26 0 31 0],1
3,TRUE,1,4,100,[0 0 0 0 0 0 0 0],[219 114 172 0 79 101 285 116],[0.175 0.115 0.11 0 0.112 0.159 0.135 0.409],[9.287 6.157 6.878 0 4.543 6.437 2.812 8.405],[70 65 99 0 85 17 104 4],1
3,TRUE,1,4,200,[0 0 0 0 0 0 0 0],[185 68 230 0 57 201 228 0],[0.163 0.144 0.176 0 0.15 0.21 0.146 0],[9.297 7.324 9.851 0 5.374 7.692 2.887 0],[102 55 183 0 115 21 153 0],1
3,TRUE,1,4,300,[0 0 0 0 0 0 0 0],[285 114 253 0 63 301 328 0],[0.137 0.102 0.116 0 0.122 0.328 0.147 0],[7.924 5.529 7.156 0 4.767 10.23 2.958 0],[109 26 95 0 135 13 125 0],1
3,TRUE,1,4,400,[0 0 0 0 0 0 0 0],[385 64 210 0 119 400 226 0],[0.186 0.15 0.178 0 0.154 0.46 0.155 0],[10.269 7.552 10.016 0 5.492 13.169 3.157 0],[177 58 155 0 97 9 142 0],1
3,TRUE,1,4,500,[0 0 0 0 0 0 0 0],[281 63 310 0 73 498 234 0],[0.147 0.097 0.154 0 0.148 0.434 0.147 0],[8.42 5.664 8.473 0 5.296 11.759 2.627 0],[128 68 145 0 86 5 125 0],1
3,TRUE,1,4,600,[0 0 0 0 0 0 0 0],[172 107 253 0 59 79 172 0],[0.138 0.102 0.119 0 0.131 0.163 0.137 0],[8.262 5.833 7.328 0 4.886 6.641 2.742 0],[93 106 119 0 107 2 119 0],1
3,TRUE,1,4,700,[0 0 0 0 0 0 0 0],[160 80 175 0 107 179 176 0],[0.195 0.116 0.145 0 0.159 0.526 0.126 0],[10.787 6.267 8.486 0 5.582 16.745 2.905 0],[62 58 128 0 62 2 120 0],1
3,TRUE,1,4,800,[0 0 0 0 0 0 0 0],[253 63 223 0 68 0 226 0],[0.186 0.148 0.129 0 0.172 0 0.127 0],[10.153 7.578 7.83 0 5.778 0 2.727 0],[69 44 239 0 75 0 150 0],1
3,TRUE,1,4,900,[0 0 0 0 0 0 0 0],[255 107 221 0 61 0 192 0],[0.193 0.128 0.151 0 0.144 0 0.128 0],[10.25 6.585 8.775 0 5.207 0 2.868 0],[54 60 230 0 102 0 131 0],1
3,TRUE,1,4,1000,[0 0 0 0 0 0 0 0],[38 42 304 0 44 0 118 0],[0.067 0.093 0.137 0 0.118 0 0.162 0],[4.97 5.645 7.989 0 4.642 0 2.274 0],[3 53 150 0 92 0 52 0],1
4,TRUE,1,4,100,[0 0 0 0 0 0 0 0],[204 83 192 0 54 114 293 73],[0.148 0.105 0.154 0 0.134 0.144 0.134 0.313],[8.219 5.926 8.735 0 4.985 5.914 2.71 8.342],[69 115 95 0 87 18 131 5],1
4,TRUE,1,4,200,[0 0 0 0 0 0 0 0],[184 86 217 0 43 201 123 0],[0.102 0.102 0.109 0 0.112 0.186 0.136 0],[6.445 5.863 6.605 0 4.596 6.851 2.408 0],[29 109 53 0 41 9 95 0],1
4,TRUE,1,4,300,[0 0 0 0 0 0 0 0],[90 92 122 0 47 69 109 0],[0.096 0.118 0.119 0 0.133 0.098 0.144 0],[6.341 6.287 7.373 0 4.99 4.549 2.423 0],[38 165 80 0 40 3 118 0],1
4,TRUE,1,4,400,[0 0 0 0 0 0 0 0],[80 91 144 0 54 0 175 0],[0.146 0.11 0.102 0 0.182 0 0.14 0],[8.851 6.117 6.646 0 6.151 0 2.666 0],[8 263 50 0 57 0 125 0],1
4,TRUE,1,4,500,[0 0 0 0 0 0 0 0],[166 99 244 0 74 0 271 0],[0.159 0.123 0.154 0 0.186 0 0.149 0],[9.061 6.537 8.922 0 6.277 0 3.282 0],[16 353 83 0 57 0 113 0],1
4,TRUE,1,4,600,[0 0 0 0 0 0 0 0],[142 135 204 0 54 0 371 0],[0.194 0.138 0.17 0 0.198 0 0.135 0],[10.822 7.014 9.68 0 6.336 0 3.056 0],[18 373 97 0 33 0 97 0],1
4,TRUE,1,4,700,[0 0 0 0 0 0 0 0],[228 104 304 0 57 0 198 0],[0.219 0.128 0.153 0 0.134 0 0.145 0],[11.545 6.683 8.714 0 4.833 0 2.665 0],[19 309 93 0 21 0 108 0],1
4,TRUE,1,4,800,[0 0 0 0 0 0 0 0],[199 121 250 0 41 0 179 0],[0.187 0.135 0.175 0 0.133 0 0.148 0],[10.238 6.972 9.831 0 4.72 0 3.323 0],[20 337 142 0 16 0 121 0],1
4,TRUE,1,4,900,[0 0 0 0 0 0 0 0],[208 124 229 0 42 0 160 0],[0.184 0.122 0.185 0 0.123 0 0.172 0],[10.12 6.457 10.232 0 4.577 0 2.828 0],[27 285 114 0 17 0 90 0],1
4,TRUE,1,4,1000,[0 0 0 0 0 0 0 0],[265 122 251 0 49 0 119 0],[0.205 0.107 0.162 0 0.128 0 0.158 0],[10.619 6.004 8.936 0 4.834 0 2.507 0],[20 314 132 0 24 0 49 0],1
5,TRUE,1,4,100,[0 0 0 0 0 0 0 0],[184 88 222 0 38 109 291 23],[0.167 0.085 0.138 0 0.116 0.144 0.123 0.071],[8.958 5.195 7.919 0 4.691 5.93 2.821 3.429],[41 129 47 0 45 11 87 3],1
5,TRUE,1,4,200,[0 0 0 0 0 0 0 0],[281 118 181 0 49 201 291 0],[0.144 0.117 0.179 0 0.119 0.163 0.149 0],[8.193 6.084 9.993 0 4.599 6.272 3.027 0],[44 162 31 0 42 6 97 0],1
5,TRUE,1,4,300,[0 0 0 0 0 0 0 0],[126 73 215 0 72 65 178 0],[0.104 0.086 0.156 0 0.124 0.111 0.147 0],[6.737 5.199 8.652 0 4.832 4.989 2.546 0],[35 173 36 0 32 2 110 0],1
5,TRUE,1,4,400,[0 0 0 0 0 0 0 0],[154 121 60 0 11 0 163 0],[0.139 0.1 0.085 0 0.065 0 0.149 0],[8.239 5.534 5.881 0 3.53 0 2.809 0],[35 58 6 0 7 0 71 0],1
5,TRUE,1,4,500,[0 0 0 0 0 0 0 0],[141 71 160 0 41 0 217 0],[0.134 0.117 0.139 0 0.144 0 0.133 0],[8.096 6.415 8.241 0 5.382 0 2.986 0],[25 298 33 0 39 0 142 0],1
5,TRUE,1,4,600,[0 0 0 0 0 0 0 0],[241 108 160 0 32 0 175 0],[0.165 0.141 0.161 0 0.126 0 0.155 0],[9.323 7.172 9.334 0 4.889 0 3.157 0],[45 323 46 0 23 0 180 0],1
5,TRUE,1,4,700,[0 0 0 0 0 0 0 0],[268 101 150 0 51 0 175 0],[0.162 0.106 0.173 0 0.145 0 0.147 0],[8.938 5.852 9.698 0 5.151 0 2.985 0],[29 247 42 0 9 0 188 0],1
5,TRUE,1,4,800,[0 0 0 0 0 0 0 0],[276 105 192 0 55 0 182 0],[0.217 0.098 0.134 0 0.171 0 0.142 0],[11.214 5.644 7.943 0 5.331 0 2.736 0],[25 278 44 0 10 0 133 0],1
5,TRUE,1,4,900,[0 0 0 0 0 0 0 0],[247 76 206 0 45 0 151 0],[0.247 0.111 0.148 0 0.151 0 0.149 0],[12.645 6.207 8.679 0 5.454 0 2.963 0],[18 324 47 0 11 0 133 0],1
5,TRUE,1,4,1000,[0 0 0 0 0 0 0 0],[193 144 306 0 108 0 248 0],[0.213 0.14 0.196 0 0.231 0 0.145 0],[11.552 7.075 10.438 0 6.916 0 2.936 0],[18 325 64 0 13 0 171 0],1
1,FALSE,1,4,100,[0 0 0 0 0 0 0 0],[190 84 218 0 122 111 244 121],[0.17 0.145 0.159 0 0.173 0.142 0.145 0.55],[9.221 7.38 9.037 0 5.862 5.885 2.919 11.074],[141 90 141 0 63 42 115 5],2
1,FALSE,1,4,200,[0 0 0 0 0 0 0 0],[182 76 252 0 67 203 172 0],[0.114 0.104 0.121 0 0.16 0.214 0.139 0],[7.026 6.018 7.194 0 5.574 7.749 2.37 0],[103 93 102 0 34 27 61 0],2
1,FALSE,1,4,300,[0 0 0 0 0 0 0 0],[282 121 187 0 35 301 165 0],[0.192 0.14 0.159 0 0.152 0.317 0.159 0],[10.506 7.015 9.224 0 5.609 10.288 2.752 0],[130 100 191 0 80 21 96 0],2
1,FALSE,1,4,400,[0 0 0 0 0 0 0 0],[335 65 214 0 56 401 133 0],[0.155 0.089 0.133 0 0.126 0.297 0.155 0],[8.636 5.343 7.795 0 4.793 9.463 2.402 0],[112 33 167 0 63 20 99 0],2
1,FALSE,1,4,500,[0 0 0 0 0 0 0 0],[357 62 253 0 44 294 205 0],[0.154 0.114 0.131 0 0.106 0.335 0.151 0],[8.55 6.304 7.804 0 4.449 10.744 2.808 0],[134 14 148 0 94 9 122 0],2
1,FALSE,1,4,600,[0 0 0 0 0 0 0 0],[230 29 228 0 71 0 220 0],[0.165 0.09 0.149 0 0.143 0 0.149 0],[9.481 5.639 8.777 0 5.119 0 3.426 0],[194 6 212 0 90 0 128 0],2
1,FALSE,1,4,700,[0 0 0 0 0 0 0 0],[205 101 209 0 61 0 191 0],[0.123 0.167 0.144 0 0.165 0 0.143 0],[7.484 7.892 8.377 0 5.687 0 2.699 0],[175 8 201 0 83 0 82 0],2
1,FALSE,1,4,800,[0 0 0 0 0 0 0 0],[253 37 262 0 69 0 125 0],[0.148 0.078 0.144 0 0.109 0 0.12 0],[8.538 5.09 8.381 0 4.439 0 2.565 0],[143 11 178 0 76 0 86 0],2
1,FALSE,1,4,900,[0 0 0 0 0 0 0 0],[273 92 362 0 86 0 175 0],[0.212 0.142 0.154 0 0.122 0 0.17 0],[11.174 7.267 8.801 0 4.685 0 2.868 0],[178 26 257 0 73 0 54 0],2
1,FALSE,1,4,1000,[0 0 0 0 0 0 0 0],[306 114 222 0 37 0 219 0],[0.18 0.118 0.149 0 0.109 0 0.161 0],[9.606 6.337 8.575 0 4.603 0 3.161 0],[192 33 304 0 44 0 39 0],2
2,FALSE,1,4,100,[0 0 0 0 0 0 0 0],[192 116 208 79 78 107 293 107],[0.17 0.143 0.165 0.169 0.174 0.157 0.138 0.759],[9.469 7.161 9.297 4.283 5.766 6.385 2.964 14.664],[91 159 90 2 123 24 129 2],2
2,FALSE,1,4,200,[0 0 0 0 0 0 0 0],[152 58 308 0 60 0 255 0],[0.103 0.092 0.13 0 0.121 0 0.137 0],[6.635 5.562 7.605 0 4.688 0 2.584 0],[52 147 54 0 85 0 75 0],2
2,FALSE,1,4,300,[0 0 0 0 0 0 0 0],[153 98 144 0 68 0 343 0],[0.165 0.12 0.129 0 0.146 0 0.121 0],[9.371 6.399 7.821 0 5.22 0 2.949 0],[86 206 64 0 108 0 96 0],2
2,FALSE,1,4,400,[0 0 0 0 0 0 0 0],[253 152 244 0 78 0 217 0],[0.152 0.136 0.199 0 0.146 0 0.137 0],[8.615 6.842 10.6 0 5.267 0 3.008 0],[96 204 70 0 95 0 76 0],2
2,FALSE,1,4,500,[0 0 0 0 0 0 0 0],[304 105 163 0 49 0 136 0],[0.15 0.113 0.127 0 0.121 0 0.122 0],[8.452 6.085 7.73 0 4.787 0 2.586 0],[90 129 74 0 80 0 66 0],2
2,FALSE,1,4,600,[0 0 0 0 0 0 0 0],[187 86 140 0 69 0 210 0],[0.179 0.157 0.152 0 0.144 0 0.172 0],[10.121 7.683 9.032 0 5.216 0 2.988 0],[91 246 84 0 123 0 77 0],2
2,FALSE,1,4,700,[0 0 0 0 0 0 0 0],[203 100 174 0 65 0 145 0],[0.154 0.128 0.173 0 0.136 0 0.171 0],[8.801 6.652 9.629 0 4.975 0 2.713 0],[66 167 77 0 25 0 24 0],2
2,FALSE,1,4,800,[0 0 0 0 0 0 0 0],[187 158 191 0 60 0 201 0],[0.109 0.112 0.134 0 0.128 0 0.148 0],[6.747 6.049 8.022 0 4.811 0 2.776 0],[68 173 146 0 73 0 21 0],2
2,FALSE,1,4,900,[0 0 0 0 0 0 0 0],[160 97 200 0 62 0 116 0],[0.159 0.116 0.147 0 0.219 0 0.159 0],[9.237 6.348 8.65 0 6.646 0 2.836 0],[65 217 223 0 42 0 38 0],2
2,FALSE,1,4,1000,[0 0 0 0 0 0 0 0],[205 88 223 0 31 0 180 0],[0.18 0.141 0.164 0 0.134 0 0.173 0],[10.187 7.11 9.467 0 5.102 0 2.616 0],[79 269 209 0 32 0 39 0],2
3,FALSE,1,4,100,[0 0 0 0 0 0 0 0],[190 115 183 0 33 106 292 99],[0.176 0.105 0.185 0 0.09 0.144 0.13 0.473],[9.389 5.585 9.736 0 4.117 5.949 2.981 10.589],[71 90 55 0 69 25 120 3],2
3,FALSE,1,4,200,[0 0 0 0 0 0 0 0],[272 134 278 0 58 200 256 16],[0.156 0.102 0.141 0 0.12 0.25 0.147 0.057],[8.832 5.904 8.164 0 4.816 8.87 2.515 3.012],[66 123 116 0 105 10 143 2],2
3,FALSE,1,4,300,[0 0 0 0 0 0 0 0],[172 139 222 0 88 296 174 48],[0.155 0.106 0.153 0 0.122 0.405 0.13 0.185],[8.884 5.822 8.736 0 4.809 12.896 2.848 5.939],[53 135 120 0 119 7 82 2],2
3,FALSE,1,4,400,[0 0 0 0 0 0 0 0],[248 84 232 0 53 292 175 0],[0.164 0.12 0.151 0 0.147 0.39 0.135 0],[9.251 6.497 8.569 0 5.355 12.069 2.82 0],[60 142 145 0 136 9 114 0],2
3,FALSE,1,4,500,[0 0 0 0 0 0 0 0],[151 106 281 0 68 108 201 0],[0.143 0.088 0.16 0 0.095 0.156 0.178 0],[8.287 5.216 8.809 0 4.054 6.312 2.473 0],[30 71 79 0 85 2 65 0],2
3,FALSE,1,4,600,[0 0 0 0 0 0 0 0],[234 85 192 0 84 208 145 0],[0.187 0.113 0.153 0 0.103 0.505 0.162 0],[10.166 6.261 8.818 0 4.348 16.094 2.959 0],[46 142 127 0 129 2 128 0],2
3,FALSE,1,4,700,[0 0 0 0 0 0 0 0],[204 85 251 0 56 226 213 0],[0.183 0.131 0.172 0 0.148 0.31 0.165 0],[9.973 6.802 9.631 0 5.119 10.144 3.057 0],[31 153 130 0 110 3 161 0],2
3,FALSE,1,4,800,[0 0 0 0 0 0 0 0],[126 111 300 0 133 326 192 0],[0.16 0.129 0.163 0 0.129 0.48 0.146 0],[9.348 6.805 9.238 0 4.91 13.917 2.795 0],[27 165 150 0 105 3 153 0],2
3,FALSE,1,4,900,[0 0 0 0 0 0 0 0],[108 145 218 0 61 0 177 0],[0.125 0.117 0.118 0 0.146 0 0.16 0],[7.671 6.256 7.25 0 5.236 0 2.717 0],[29 127 158 0 107 0 134 0],2
3,FALSE,1,4,1000,[0 0 0 0 0 0 0 0],[194 93 215 0 77 0 166 0],[0.19 0.114 0.119 0 0.138 0 0.135 0],[10.106 6.264 7.241 0 5.042 0 2.876 0],[10 62 103 0 111 0 139 0],2
4,FALSE,1,4,100,[0 0 0 0 0 0 0 0],[242 84 167 0 67 118 290 114],[0.197 0.151 0.152 0 0.169 0.169 0.12 0.632],[10.378 7.679 8.913 0 5.775 6.74 2.932 12.234],[124 126 118 0 99 31 139 5],2
4,FALSE,1,4,200,[0 0 0 0 0 0 0 0],[281 71 190 0 65 201 390 56],[0.165 0.132 0.139 0 0.124 0.257 0.131 0.169],[9.179 6.977 8.248 0 4.776 9.064 2.787 5.376],[102 86 89 0 86 8 120 3],2
4,FALSE,1,4,300,[0 0 0 0 0 0 0 0],[272 78 165 0 90 301 353 0],[0.143 0.082 0.118 0 0.128 0.249 0.149 0],[8.264 5.208 7.217 0 4.879 8.398 2.762 0],[135 71 87 0 101 7 115 0],2
4,FALSE,1,4,400,[0 0 0 0 0 0 0 0],[372 178 206 0 69 170 193 0],[0.17 0.114 0.146 0 0.148 0.342 0.147 0],[9.368 6.035 8.485 0 5.298 11.625 2.902 0],[172 53 93 0 84 3 92 0],2
4,FALSE,1,4,500,[0 0 0 0 0 0 0 0],[345 155 202 0 44 270 238 0],[0.169 0.122 0.138 0 0.12 0.295 0.131 0],[9.255 6.366 8.122 0 4.74 9.72 2.755 0],[114 39 46 0 43 4 71 0],2
4,FALSE,1,4,600,[0 0 0 0 0 0 0 0],[190 255 302 0 57 168 138 0],[0.136 0.139 0.152 0 0.147 0.139 0.145 0],[8.147 7.172 8.741 0 5.353 5.674 2.714 0],[215 118 57 0 56 4 156 0],2
4,FALSE,1,4,700,[0 0 0 0 0 0 0 0],[290 91 133 0 83 0 155 0],[0.172 0.148 0.136 0 0.14 0 0.153 0],[9.665 7.335 8.242 0 5.092 0 2.922 0],[221 89 55 0 65 0 194 0],2
4,FALSE,1,4,800,[0 0 0 0 0 0 0 0],[367 78 214 0 50 0 230 0],[0.163 0.092 0.141 0 0.129 0 0.146 0],[8.987 5.116 7.989 0 4.767 0 2.409 0],[183 41 60 0 30 0 128 0],2
4,FALSE,1,4,900,[0 0 0 0 0 0 0 0],[302 77 264 0 54 0 218 0],[0.168 0.13 0.18 0 0.191 0 0.136 0],[9.365 6.563 9.884 0 6.206 0 2.816 0],[233 37 73 0 24 0 153 0],2
4,FALSE,1,4,1000,[0 0 0 0 0 0 0 0],[367 51 236 0 46 0 298 0],[0.146 0.082 0.141 0 0.109 0 0.124 0],[8.471 5.034 8.124 0 4.282 0 2.613 0],[181 21 102 0 16 0 155 0],2
5,FALSE,1,4,100,[0 0 0 0 0 0 0 0],[232 80 206 0 70 103 204 106],[0.189 0.103 0.139 0 0.128 0.15 0.125 0.435],[9.827 5.975 7.969 0 4.894 6.146 2.611 9.471],[69 100 76 0 120 24 137 2],2
5,FALSE,1,4,200,[0 0 0 0 0 0 0 0],[284 123 275 0 60 203 135 8],[0.142 0.115 0.144 0 0.151 0.233 0.112 0.035],[8.162 6.214 8.217 0 5.189 8.339 2.638 2.405],[85 107 101 0 64 20 177 1],2
5,FALSE,1,4,300,[0 0 0 0 0 0 0 0],[300 71 375 0 60 303 170 0],[0.182 0.132 0.18 0 0.142 0.288 0.151 0],[9.821 6.766 9.662 0 5.108 9.786 2.634 0],[86 99 98 0 60 18 164 0],2
5,FALSE,1,4,400,[0 0 0 0 0 0 0 0],[400 84 235 0 37 275 225 0],[0.152 0.095 0.13 0 0.122 0.256 0.152 0],[8.398 5.483 7.83 0 4.83 8.687 2.444 0],[81 76 116 0 25 19 143 0],2
5,FALSE,1,4,500,[0 0 0 0 0 0 0 0],[349 72 283 0 135 323 158 0],[0.192 0.138 0.164 0 0.119 0.271 0.14 0],[10.492 7.218 9.391 0 4.588 9.031 2.853 0],[115 125 191 0 15 12 182 0],2
5,FALSE,1,4,600,[0 0 0 0 0 0 0 0],[449 110 316 0 15 227 243 0],[0.18 0.153 0.187 0 0.058 0.278 0.151 0],[9.849 7.572 10.173 0 3.262 9.591 3.05 0],[116 92 261 0 8 9 161 0],2
5,FALSE,1,4,700,[0 0 0 0 0 0 0 0],[285 92 416 0 50 173 254 0],[0.167 0.126 0.168 0 0.181 0.455 0.147 0],[9.177 6.649 9.326 0 5.757 14.917 3.011 0],[108 84 302 0 5 2 119 0],2
5,FALSE,1,4,800,[0 0 0 0 0 0 0 0],[167 51 252 0 61 0 81 0],[0.111 0.116 0.112 0 0.135 0 0.197 0],[7.044 6.466 7.001 0 4.947 0 2.401 0],[107 24 314 0 14 0 29 0],2
5,FALSE,1,4,900,[0 0 0 0 0 0 0 0],[188 63 272 0 31 0 96 0],[0.102 0.104 0.135 0 0.105 0 0.18 0],[6.473 5.616 7.931 0 4.387 0 2.703 0],[71 10 308 0 17 0 21 0],2
5,FALSE,1,4,1000,[0 0 0 0 0 0 0 0],[288 39 241 0 48 0 137 0],[0.149 0.099 0.139 0 0.096 0 0.212 0],[8.493 5.886 8.097 0 4.087 0 2.785 0],[48 7 241 0 30 0 25 0],2
1,TRUE,1,4,100,[0 0 0 0 0 0 0 0],[203 113 185 3 53 114 293 113],[0.178 0.123 0.139 0.014 0.157 0.176 0.121 0.416],[9.735 6.577 8.183 1.805 5.516 6.945 2.932 8.51],[107 179 103 1 65 27 103 2],1
1,TRUE,1,4,200,[0 0 0 0 0 0 0 0],[174 88 94 0 37 202 90 0],[0.148 0.108 0.109 0 0.148 0.245 0.119 0],[8.658 6.186 7.043 0 5.493 8.821 2.452 0],[29 276 42 0 63 7 102 0],1
1,TRUE,1,4,300,[0 0 0 0 0 0 0 0],[170 115 194 0 33 240 142 0],[0.217 0.122 0.206 0 0.119 0.457 0.123 0],[11.656 6.311 10.959 0 4.644 14.408 2.921 0],[18 158 34 0 19 3 76 0],1
1,TRUE,1,4,400,[0 0 0 0 0 0 0 0],[236 113 284 0 62 180 221 0],[0.225 0.132 0.214 0 0.174 0.323 0.131 0],[11.723 6.846 11.161 0 5.626 11.09 3.427 0],[32 335 54 0 74 2 136 0],1
1,TRUE,1,4,500,[0 0 0 0 0 0 0 0],[231 138 384 0 49 280 175 0],[0.156 0.126 0.199 0 0.126 0.377 0.128 0],[9.062 6.607 10.282 0 4.897 11.9 2.957 0],[67 331 67 0 50 4 121 0],1
1,TRUE,1,4,600,[0 0 0 0 0 0 0 0],[229 95 177 0 36 380 248 0],[0.156 0.112 0.15 0 0.119 0.522 0.134 0],[8.731 6.196 8.592 0 4.562 14.543 2.956 0],[71 277 49 0 9 3 148 0],1
1,TRUE,1,4,700,[0 0 0 0 0 0 0 0],[168 88 256 0 58 101 125 0],[0.158 0.124 0.181 0 0.128 0.235 0.138 0],[9.157 6.368 9.898 0 4.78 8.811 2.625 0],[39 209 52 0 16 1 118 0],1
1,TRUE,1,4,800,[0 0 0 0 0 0 0 0],[168 108 304 0 18 0 208 0],[0.16 0.105 0.135 0 0.072 0 0.133 0],[9.193 5.801 7.911 0 3.559 0 2.816 0],[43 167 69 0 8 0 124 0],1
1,TRUE,1,4,900,[0 0 0 0 0 0 0 0],[268 120 404 0 4 0 151 0],[0.178 0.131 0.167 0 0.029 0 0.146 0],[9.664 6.626 9.401 0 2.36 0 2.939 0],[84 231 112 0 1 0 116 0],1
1,TRUE,1,4,1000,[0 0 0 0 0 0 0 0],[180 95 234 0 0 0 203 0],[0.126 0.105 0.1 0 0 0 0.14 0],[7.586 5.965 6.36 0 0 0 2.66 0],[44 217 67 0 0 0 43 0],1
2,TRUE,1,4,100,[0 0 0 0 0 0 0 0],[213 80 500 0 48 102 293 27],[0.153 0.116 0.15 0 0.151 0.142 0.123 0.132],[8.522 6.233 8.4 0 5.503 5.904 3.042 5.071],[117 64 94 0 60 19 90 1],1
2,TRUE,1,4,200,[0 0 0 0 0 0 0 0],[249 150 221 0 64 199 173 127],[0.183 0.148 0.151 0 0.13 0.172 0.139 0.267],[10.168 7.322 8.748 0 4.962 6.751 2.978 6.764],[125 104 138 0 111 18 134 5],1
2,TRUE,1,4,300,[0 0 0 0 0 0 0 0],[209 87 295 0 32 223 193 0],[0.147 0.084 0.143 0 0.099 0.229 0.165 0],[8.435 5.185 8.225 0 4.223 8.055 2.86 0],[84 85 96 0 45 11 83 0],1
2,TRUE,1,4,400,[0 0 0 0 0 0 0 0],[204 108 149 0 59 119 224 0],[0.147 0.139 0.134 0 0.155 0.151 0.127 0],[8.73 7.043 8.215 0 5.392 6.163 2.636 0],[87 128 102 0 101 10 166 0],1
2,TRUE,1,4,500,[0 0 0 0 0 0 0 0],[183 164 249 0 60 219 183 0],[0.175 0.15 0.183 0 0.16 0.31 0.159 0],[9.775 7.241 9.947 0 5.578 10.535 2.941 0],[107 105 137 0 97 11 153 0],1
2,TRUE,1,4,600,[0 0 0 0 0 0 0 0],[268 136 270 0 42 250 185 0],[0.188 0.161 0.178 0 0.144 0.224 0.165 0],[10.091 7.642 9.91 0 5.303 7.719 2.949 0],[122 71 156 0 120 9 151 0],1
2,TRUE,1,4,700,[0 0 0 0 0 0 0 0],[258 104 219 0 71 318 273 0],[0.173 0.129 0.145 0 0.133 0.284 0.162 0],[9.424 6.77 8.477 0 5.074 9.15 2.803 0],[100 32 168 0 125 7 147 0],1
2,TRUE,1,4,800,[0 0 0 0 0 0 0 0],[358 74 248 0 48 132 373 0],[0.179 0.098 0.166 0 0.136 0.347 0.136 0],[9.87 5.811 9.354 0 5.124 12.026 3.07 0],[103 32 187 0 94 1 160 0],1
2,TRUE,1,4,900,[0 0 0 0 0 0 0 0],[250 31 221 0 53 232 257 0],[0.154 0.104 0.124 0 0.146 0.251 0.147 0],[8.624 6.127 7.476 0 5.369 8.344 3.061 0],[103 10 187 0 81 3 149 0],1
2,TRUE,1,4,1000,[0 0 0 0 0 0 0 0],[350 31 273 0 49 0 167 0],[0.128 0.07 0.138 0 0.136 0 0.151 0],[7.624 4.669 8.193 0 5.189 0 2.612 0],[88 6 208 0 91 0 128 0],1
3,TRUE,1,4,100,[0 0 0 0 0 0 0 0],[214 114 213 0 67 105 247 125],[0.163 0.103 0.147 0 0.106 0.16 0.14 0.188],[8.675 5.715 8.279 0 4.392 6.463 2.685 5.057],[81 81 88 0 156 26 100 6],1
3,TRUE,1,4,200,[0 0 0 0 0 0 0 0],[314 62 194 0 60 201 273 4],[0.18 0.088 0.161 0 0.129 0.246 0.139 0.017],[9.727 5.269 9.137 0 4.855 8.775 2.873 1.87],[87 63 76 0 158 13 130 2],1
3,TRUE,1,4,300,[0 0 0 0 0 0 0 0],[414 136 199 0 81 221 234 0],[0.191 0.11 0.178 0 0.168 0.24 0.152 0],[10.135 5.966 10.008 0 5.496 8.524 3.172 0],[109 88 115 0 83 10 176 0],1
3,TRUE,1,4,400,[0 0 0 0 0 0 0 0],[314 111 187 0 88 115 103 0],[0.146 0.095 0.128 0 0.123 0.221 0.171 0],[8.077 5.558 7.738 0 4.82 8.313 2.508 0],[73 134 55 0 122 2 100 0],1
3,TRUE,1,4,500,[0 0 0 0 0 0 0 0],[233 105 215 0 94 215 156 0],[0.166 0.137 0.177 0 0.183 0.251 0.125 0],[9.542 7.009 9.791 0 6.112 8.694 2.874 0],[51 184 59 0 151 4 125 0],1
3,TRUE,1,4,600,[0 0 0 0 0 0 0 0],[183 99 206 0 54 48 148 0],[0.141 0.093 0.132 0 0.119 0.115 0.16 0],[8.07 5.576 7.697 0 4.764 5.124 2.324 0],[46 211 54 0 93 1 58 0],1
3,TRUE,1,4,700,[0 0 0 0 0 0 0 0],[283 106 233 0 100 148 248 0],[0.193 0.117 0.173 0 0.145 0.47 0.133 0],[10.44 6.342 9.724 0 5.206 15.321 2.991 0],[49 281 68 0 94 1 122 0],1
3,TRUE,1,4,800,[0 0 0 0 0 0 0 0],[215 154 269 0 89 248 90 0],[0.166 0.103 0.16 0 0.145 0.251 0.148 0],[9.268 5.899 8.924 0 5.239 8.298 2.577 0],[65 250 51 0 101 4 55 0],1
3,TRUE,1,4,900,[0 0 0 0 0 0 0 0],[315 88 147 0 39 0 183 0],[0.152 0.096 0.127 0 0.098 0 0.127 0],[8.437 5.642 7.741 0 4.206 0 3.032 0],[70 299 54 0 62 0 29 0],1
3,TRUE,1,4,1000,[0 0 0 0 0 0 0 0],[244 123 165 0 55 0 218 0],[0.175 0.143 0.192 0 0.144 0 0.126 0],[9.706 7.177 10.555 0 5.13 0 3.455 0],[100 324 80 0 67 0 45 0],1
4,TRUE,1,4,100,[0 0 0 0 0 0 0 0],[232 86 194 0 82 103 296 117],[0.225 0.128 0.151 0 0.154 0.154 0.135 0.808],[11.328 6.643 8.624 0 5.349 6.292 3.015 14.857],[49 77 64 0 75 13 76 2],1
4,TRUE,1,4,200,[0 0 0 0 0 0 0 0],[317 81 233 0 42 201 165 0],[0.148 0.119 0.165 0 0.124 0.248 0.123 0],[8.127 6.357 9.447 0 4.742 8.876 2.734 0],[47 88 91 0 67 10 116 0],1
4,TRUE,1,4,300,[0 0 0 0 0 0 0 0],[139 156 304 0 69 301 265 0],[0.121 0.128 0.154 0 0.116 0.288 0.109 0],[7.452 6.599 8.739 0 4.628 9.34 2.731 0],[27 114 128 0 70 13 183 0],1
4,TRUE,1,4,400,[0 0 0 0 0 0 0 0],[149 93 276 0 94 111 213 0],[0.181 0.14 0.154 0 0.161 0.244 0.121 0],[10.076 7.143 8.831 0 5.548 9.001 3.024 0],[13 176 189 0 71 2 179 0],1
4,TRUE,1,4,500,[0 0 0 0 0 0 0 0],[182 109 265 0 57 158 251 0],[0.252 0.135 0.189 0 0.154 0.201 0.125 0],[13.045 6.955 10.223 0 5.365 7.368 3.012 0],[16 159 238 0 52 3 169 0],1
4,TRUE,1,4,600,[0 0 0 0 0 0 0 0],[282 110 352 0 60 69 191 0],[0.184 0.122 0.182 0 0.132 0.11 0.129 0],[9.375 6.423 9.823 0 4.933 4.966 2.712 0],[21 134 283 0 22 1 153 0],1
4,TRUE,1,4,700,[0 0 0 0 0 0 0 0],[382 118 398 0 4 0 204 0],[0.262 0.112 0.14 0 0.024 0 0.148 0],[11.177 6.022 7.997 0 2.194 0 2.564 0],[6 96 158 0 2 0 40 0],1
4,TRUE,1,4,800,[0 0 0 0 0 0 0 0],[141 91 244 0 16 0 81 0],[0.142 0.105 0.131 0 0.104 0 0.122 0],[8.239 5.792 7.711 0 4.631 0 2.491 0],[8 98 175 0 6 0 24 0],1
4,TRUE,1,4,900,[0 0 0 0 0 0 0 0],[187 86 240 0 30 0 144 0],[0.148 0.125 0.161 0 0.15 0 0.084 0],[8.443 6.689 9.318 0 5.669 0 2.674 0],[12 260 255 0 26 0 51 0],1
4,TRUE,1,4,1000,[0 0 0 0 0 0 0 0],[287 127 213 0 54 0 126 0],[0.218 0.13 0.146 0 0.211 0 0.11 0],[11.44 6.825 8.48 0 6.556 0 2.852 0],[24 244 215 0 16 0 35 0],1
5,TRUE,1,4,100,[0 0 0 0 0 0 0 0],[178 54 155 0 63 101 268 0],[0.122 0.078 0.114 0 0.108 0.121 0.11 0],[7.265 5.008 6.978 0 4.444 5.222 2.687 0],[71 108 80 0 99 11 52 0],1
5,TRUE,1,4,200,[0 0 0 0 0 0 0 0],[183 65 154 0 65 201 80 0],[0.15 0.098 0.142 0 0.137 0.213 0.155 0],[8.627 5.647 8.457 0 4.952 7.8 2.471 0],[117 69 73 0 64 10 24 0],1
5,TRUE,1,4,300,[0 0 0 0 0 0 0 0],[270 102 194 0 53 199 91 0],[0.175 0.108 0.136 0 0.135 0.185 0.127 0],[9.533 6.015 8.141 0 5.191 7.046 2.557 0],[127 128 125 0 118 12 49 0],1
5,TRUE,1,4,400,[0 0 0 0 0 0 0 0],[209 126 184 0 71 299 191 0],[0.118 0.117 0.138 0 0.151 0.253 0.151 0],[7.167 6.343 8.226 0 5.385 8.646 2.701 0],[125 140 165 0 92 11 34 0],1
5,TRUE,1,4,500,[0 0 0 0 0 0 0 0],[191 91 284 0 59 258 132 0],[0.17 0.125 0.181 0 0.161 0.389 0.168 0],[9.67 6.519 9.853 0 5.519 12.26 2.848 0],[92 145 157 0 49 5 35 0],1
5,TRUE,1,4,600,[0 0 0 0 0 0 0 0],[206 75 185 0 59 38 69 0],[0.142 0.094 0.098 0 0.131 0.07 0.183 0],[8.168 5.607 6.343 0 4.971 3.684 2.17 0],[83 182 148 0 88 1 14 0],1
5,TRUE,1,4,700,[0 0 0 0 0 0 0 0],[306 125 238 0 46 0 0 0],[0.113 0.097 0.128 0 0.143 0 0 0],[6.936 5.657 7.676 0 5.249 0 0 0],[63 128 135 0 68 0 0 0],1
5,TRUE,1,4,800,[0 0 0 0 0 0 0 0],[406 125 213 0 44 0 0 0],[0.166 0.134 0.16 0 0.149 0 0 0],[9.375 6.804 9.282 0 5.459 0 0 0],[93 198 225 0 80 0 0 0],1
5,TRUE,1,4,900,[0 0 0 0 0 0 0 0],[165 119 252 0 36 0 0 0],[0.139 0.099 0.144 0 0.102 0 0 0],[8.174 5.712 8.135 0 4.343 0 0 0],[60 72 164 0 21 0 0 0],1
5,TRUE,1,4,1000,[0 0 0 0 0 0 0 0],[170 75 334 0 38 0 0 0],[0.133 0.086 0.111 0 0.099 0 0 0],[7.969 5.294 6.815 0 4.247 0 0 0],[73 138 188 0 25 0 0 0],1
1,FALSE,1,4,100,[0 0 0 0 0 0 0 0],[204 113 178 0 62 107 212 38],[0.174 0.092 0.152 0 0.147 0.166 0.125 0.153],[9.612 5.536 8.712 0 5.317 6.639 2.519 5.485],[76 93 57 0 112 19 173 8],2
1,FALSE,1,4,200,[0 0 0 0 0 0 0 0],[271 93 278 0 37 202 162 0],[0.2 0.154 0.174 0 0.158 0.21 0.123 0],[10.792 7.444 9.691 0 5.634 7.747 2.865 0],[112 119 107 0 83 14 203 0],2
1,FALSE,1,4,300,[0 0 0 0 0 0 0 0],[229 77 191 0 57 237 229 0],[0.192 0.107 0.153 0 0.161 0.316 0.144 0],[10.22 6.084 8.827 0 5.505 10.712 2.902 0],[94 104 95 0 47 6 118 0],2
1,FALSE,1,4,400,[0 0 0 0 0 0 0 0],[276 102 256 0 70 204 311 0],[0.183 0.113 0.165 0 0.122 0.23 0.142 0],[9.964 6.053 9.256 0 4.697 7.999 2.826 0],[110 118 146 0 50 3 170 0],2
1,FALSE,1,4,500,[0 0 0 0 0 0 0 0],[313 55 265 0 37 121 241 0],[0.154 0.119 0.115 0 0.129 0.127 0.125 0],[8.614 6.548 7.037 0 5.029 5.353 2.632 0],[104 60 137 0 31 3 126 0],2
1,FALSE,1,4,600,[0 0 0 0 0 0 0 0],[370 48 283 0 28 0 128 0],[0.126 0.073 0.124 0 0.095 0 0.128 0],[7.232 4.808 7.442 0 4.286 0 2.364 0],[102 58 89 0 18 0 69 0],2
1,FALSE,1,4,700,[0 0 0 0 0 0 0 0],[470 123 180 0 47 0 183 0],[0.152 0.113 0.148 0 0.122 0 0.118 0],[8.768 6.156 8.649 0 4.642 0 2.797 0],[157 166 117 0 38 0 90 0],2
1,FALSE,1,4,800,[0 0 0 0 0 0 0 0],[237 55 273 0 53 0 119 0],[0.14 0.093 0.147 0 0.113 0 0.138 0],[8.047 5.561 8.275 0 4.575 0 2.304 0],[116 117 112 0 52 0 76 0],2
1,FALSE,1,4,900,[0 0 0 0 0 0 0 0],[249 108 296 0 44 0 185 0],[0.158 0.111 0.162 0 0.124 0 0.144 0],[9.012 6.049 9.227 0 4.821 0 2.971 0],[167 70 186 0 55 0 64 0],2
1,FALSE,1,4,1000,[0 0 0 0 0 0 0 0],[214 114 260 0 49 0 140 0],[0.155 0.127 0.159 0 0.151 0 0.124 0],[8.793 6.573 8.972 0 5.372 0 3.094 0],[166 75 234 0 41 0 49 0],2
2,FALSE,1,4,100,[0 0 0 0 0 0 0 0],[198 66 223 0 60 113 293 113],[0.167 0.107 0.159 0 0.138 0.147 0.124 0.331],[9.001 6.026 8.965 0 5.092 6.044 2.74 8.143],[80 167 85 0 72 37 151 8],2
2,FALSE,1,4,200,[0 0 0 0 0 0 0 0],[280 78 224 0 60 209 200 71],[0.157 0.12 0.151 0 0.114 0.273 0.124 0.533],[8.581 6.522 8.759 0 4.499 9.471 2.796 12.71],[58 143 126 0 59 21 117 2],2
2,FALSE,1,4,300,[0 0 0 0 0 0 0 0],[167 78 324 0 34 301 205 0],[0.119 0.119 0.13 0 0.129 0.184 0.135 0],[7.264 6.558 7.713 0 5.014 6.863 2.781 0],[39 200 135 0 50 20 144 0],2
2,FALSE,1,4,400,[0 0 0 0 0 0 0 0],[236 98 424 0 62 86 143 0],[0.198 0.129 0.159 0 0.141 0.248 0.136 0],[10.872 6.688 9.143 0 5.106 9.194 3.04 0],[63 185 118 0 66 1 150 0],2
2,FALSE,1,4,500,[0 0 0 0 0 0 0 0],[136 106 187 0 36 186 242 0],[0.149 0.122 0.146 0 0.127 0.619 0.135 0],[8.883 6.555 8.513 0 5.014 18.956 2.864 0],[57 169 68 0 34 1 108 0],2
2,FALSE,1,4,600,[0 0 0 0 0 0 0 0],[199 113 260 0 57 0 246 0],[0.179 0.14 0.19 0 0.146 0 0.128 0],[9.955 7.129 10.427 0 5.195 0 3.042 0],[88 228 137 0 43 0 151 0],2
2,FALSE,1,4,700,[0 0 0 0 0 0 0 0],[138 91 310 0 55 0 256 0],[0.113 0.11 0.164 0 0.164 0 0.129 0],[7.191 6.17 9.158 0 5.669 0 2.821 0],[54 225 161 0 45 0 100 0],2
2,FALSE,1,4,800,[0 0 0 0 0 0 0 0],[238 89 410 0 44 0 232 0],[0.207 0.091 0.203 0 0.118 0 0.124 0],[10.903 5.453 10.779 0 4.711 0 3.073 0],[57 192 185 0 20 0 112 0],2
2,FALSE,1,4,900,[0 0 0 0 0 0 0 0],[227 113 510 0 11 0 248 0],[0.155 0.087 0.146 0 0.058 0 0.137 0],[8.491 5.077 8.014 0 3.307 0 2.493 0],[32 69 72 0 4 0 20 0],2
2,FALSE,1,4,1000,[0 0 0 0 0 0 0 0],[87 99 285 0 16 0 188 0],[0.095 0.101 0.166 0 0.068 0 0.162 0],[6.314 5.671 9.387 0 3.553 0 2.837 0],[33 175 109 0 5 0 54 0],2
3,FALSE,1,4,100,[0 0 0 0 0 0 0 0],[184 68 152 56 62 101 257 77],[0.15 0.106 0.137 0.088 0.129 0.123 0.135 0.289],[8.621 6.021 8.189 3.287 4.907 5.275 2.873 8.014],[67 70 123 11 108 7 112 4],2
3,FALSE,1,4,200,[0 0 0 0 0 0 0 0],[251 88 252 0 70 0 173 0],[0.185 0.177 0.164 0 0.13 0 0.132 0],[10.229 8.35 9.242 0 4.895 0 2.698 0],[60 49 162 0 123 0 185 0],2
3,FALSE,1,4,300,[0 0 0 0 0 0 0 0],[351 45 280 0 100 0 238 0],[0.161 0.076 0.168 0 0.126 0 0.136 0],[8.849 4.915 9.324 0 4.707 0 2.992 0],[40 36 181 0 122 0 185 0],2
3,FALSE,1,4,400,[0 0 0 0 0 0 0 0],[185 101 246 0 79 0 260 0],[0.137 0.082 0.123 0 0.123 0 0.12 0],[7.992 5.039 7.28 0 4.778 0 2.643 0],[32 26 107 0 51 0 70 0],2
3,FALSE,1,4,500,[0 0 0 0 0 0 0 0],[121 74 325 0 58 0 262 0],[0.125 0.129 0.141 0 0.177 0 0.119 0],[7.689 6.864 8.379 0 5.95 0 3.037 0],[54 65 151 0 171 0 154 0],2
3,FALSE,1,4,600,[0 0 0 0 0 0 0 0],[221 87 425 0 83 0 362 0],[0.147 0.118 0.167 0 0.123 0 0.131 0],[8.468 6.44 9.337 0 4.667 0 2.976 0],[62 75 186 0 114 0 152 0],2
3,FALSE,1,4,700,[0 0 0 0 0 0 0 0],[186 100 295 0 39 0 281 0],[0.165 0.094 0.14 0 0.096 0 0.14 0],[9.211 5.476 8.17 0 4.191 0 2.484 0],[28 75 113 0 35 0 94 0],2
3,FALSE,1,4,800,[0 0 0 0 0 0 0 0],[239 151 275 0 48 0 165 0],[0.154 0.127 0.14 0 0.08 0 0.149 0],[8.843 6.488 8.007 0 3.687 0 2.719 0],[43 81 91 0 70 0 82 0],2
3,FALSE,1,4,900,[0 0 0 0 0 0 0 0],[233 108 154 0 60 0 184 0],[0.192 0.137 0.166 0 0.128 0 0.135 0],[9.998 7.13 9.589 0 4.836 0 3.279 0],[13 70 75 0 43 0 65 0],2
3,FALSE,1,4,1000,[0 0 0 0 0 0 0 0],[221 91 241 0 75 0 201 0],[0.151 0.157 0.17 0 0.194 0 0.118 0],[8.701 7.631 9.716 0 6.211 0 2.988 0],[63 192 178 0 104 0 110 0],2
4,FALSE,1,4,100,[0 0 0 0 0 0 0 0],[182 86 146 0 64 109 293 60],[0.116 0.105 0.133 0 0.108 0.163 0.126 0.176],[7.126 5.903 7.975 0 4.339 6.526 2.68 5.512],[74 159 63 0 88 7 42 4],2
4,FALSE,1,4,200,[0 0 0 0 0 0 0 0],[197 104 214 0 40 202 331 0],[0.182 0.169 0.198 0 0.14 0.623 0.127 0],[10 7.948 10.678 0 5.335 19.049 3.213 0],[83 186 106 0 93 1 68 0],2
4,FALSE,1,4,300,[0 0 0 0 0 0 0 0],[291 86 167 0 80 0 247 0],[0.12 0.084 0.115 0 0.137 0 0.15 0],[7.153 5.155 7.057 0 5.177 0 2.999 0],[55 114 93 0 64 0 63 0],2
4,FALSE,1,4,400,[0 0 0 0 0 0 0 0],[225 112 253 0 76 0 339 0],[0.161 0.142 0.177 0 0.176 0 0.141 0],[9.311 7.192 9.905 0 5.85 0 3.237 0],[123 200 138 0 84 0 97 0],2
4,FALSE,1,4,500,[0 0 0 0 0 0 0 0],[200 121 184 0 70 0 328 0],[0.106 0.104 0.129 0 0.146 0 0.148 0],[6.59 5.832 7.743 0 5.203 0 2.836 0],[86 143 77 0 53 0 82 0],2
4,FALSE,1,4,600,[0 0 0 0 0 0 0 0],[205 94 284 0 46 0 258 0],[0.179 0.115 0.189 0 0.139 0 0.133 0],[10.003 6.126 10.022 0 5.126 0 3.016 0],[68 93 82 0 70 0 73 0],2
4,FALSE,1,4,700,[0 0 0 0 0 0 0 0],[253 138 151 0 65 0 156 0],[0.143 0.117 0.117 0 0.137 0 0.12 0],[8.353 6.305 7.297 0 5.049 0 2.962 0],[79 240 87 0 94 0 84 0],2
4,FALSE,1,4,800,[0 0 0 0 0 0 0 0],[184 109 185 0 72 0 216 0],[0.163 0.12 0.15 0 0.167 0 0.131 0],[9.241 6.338 8.827 0 5.817 0 3.003 0],[106 217 70 0 104 0 98 0],2
4,FALSE,1,4,900,[0 0 0 0 0 0 0 0],[202 99 175 0 76 0 172 0],[0.158 0.133 0.146 0 0.177 0 0.113 0],[9.155 6.973 8.639 0 5.857 0 2.746 0],[116 226 103 0 71 0 104 0],2
4,FALSE,1,4,1000,[0 0 0 0 0 0 0 0],[243 90 252 0 64 0 233 0],[0.171 0.136 0.165 0 0.112 0 0.116 0],[9.452 6.843 9.077 0 4.571 0 3.008 0],[91 168 107 0 38 0 72 0],2
5,FALSE,1,4,100,[0 0 0 0 0 0 0 0],[216 97 204 0 50 110 293 126],[0.178 0.142 0.15 0 0.145 0.172 0.137 0.518],[9.684 7.315 8.69 0 5.298 6.816 3.041 11.093],[92 146 85 0 82 40 166 11],2
5,FALSE,1,4,200,[0 0 0 0 0 0 0 0],[261 82 226 0 42 210 197 208],[0.193 0.104 0.156 0 0.17 0.289 0.149 0.464],[10.299 5.896 8.815 0 6.053 9.855 3.202 8.682],[100 106 120 0 36 35 141 2],2
5,FALSE,1,4,300,[0 0 0 0 0 0 0 0],[227 107 241 0 33 301 245 0],[0.136 0.104 0.145 0 0.093 0.227 0.151 0],[7.989 5.731 8.272 0 4.15 7.708 2.925 0],[89 143 97 0 20 33 119 0],2
5,FALSE,1,4,400,[0 0 0 0 0 0 0 0],[244 95 220 0 54 203 125 0],[0.163 0.114 0.174 0 0.124 0.291 0.123 0],[9.19 6.139 9.579 0 4.488 10.216 2.649 0],[78 197 86 0 10 7 62 0],2
5,FALSE,1,4,500,[0 0 0 0 0 0 0 0],[252 124 224 0 94 303 110 0],[0.121 0.094 0.143 0 0.171 0.291 0.132 0],[7.363 5.453 8.295 0 5.453 9.596 2.445 0],[102 215 94 0 22 11 75 0],2
5,FALSE,1,4,600,[0 0 0 0 0 0 0 0],[165 92 84 0 23 287 167 0],[0.106 0.098 0.076 0 0.117 0.294 0.121 0],[6.691 5.739 5.399 0 4.749 9.585 2.548 0],[60 177 42 0 5 5 45 0],2
5,FALSE,1,4,700,[0 0 0 0 0 0 0 0],[237 104 148 0 0 387 180 0],[0.177 0.112 0.125 0 0 0.403 0.115 0],[9.779 6.173 7.634 0 0 11.828 3.147 0],[93 326 81 0 0 5 62 0],2
5,FALSE,1,4,800,[0 0 0 0 0 0 0 0],[182 120 217 0 0 487 261 0],[0.158 0.121 0.185 0 0 0.346 0.118 0],[9.048 6.371 10.071 0 0 10.474 3.31 0],[85 264 77 0 0 12 45 0],2
5,FALSE,1,4,900,[0 0 0 0 0 0 0 0],[192 74 207 0 0 587 361 0],[0.135 0.075 0.138 0 0 0.769 0.132 0],[7.949 4.864 7.985 0 0 18.734 2.738 0],[71 160 78 0 0 5 44 0],2
5,FALSE,1,4,1000,[0 0 0 0 0 0 0 0],[292 101 247 0 0 687 240 0],[0.168 0.126 0.188 0 0 0.591 0.12 0],[9.468 6.713 10.384 0 0 14.08 2.788 0],[130 280 105 0 0 4 92 0],2
1,TRUE,1,4,100,[0 0 0 0 0 0 0 0],[174 47 181 0 91 101 291 0],[0.121 0.09 0.121 0 0.126 0.108 0.145 0],[7.486 5.591 7.195 0 4.877 4.832 3.068 0],[43 54 63 0 214 3 84 0],1
1,TRUE,1,4,200,[0 0 0 0 0 0 0 0],[147 94 221 0 55 201 135 0],[0.151 0.114 0.13 0 0.127 0.418 0.153 0],[8.904 6.248 7.719 0 4.935 13.641 3.013 0],[63 99 52 0 217 2 71 0],1
1,TRUE,1,4,300,[0 0 0 0 0 0 0 0],[195 61 321 0 81 0 217 0],[0.189 0.086 0.182 0 0.145 0 0.135 0],[10.158 5.365 9.921 0 5.251 0 2.987 0],[77 88 75 0 190 0 99 0],1
1,TRUE,1,4,400,[0 0 0 0 0 0 0 0],[295 112 145 0 49 0 155 0],[0.182 0.102 0.117 0 0.14 0 0.145 0],[9.427 5.868 7.402 0 5.288 0 2.997 0],[40 173 58 0 198 0 86 0],1
1,TRUE,1,4,500,[0 0 0 0 0 0 0 0],[268 122 123 0 68 0 180 0],[0.2 0.145 0.137 0 0.143 0 0.142 0],[10.502 7.287 8.284 0 5.193 0 3.174 0],[23 294 50 0 164 0 118 0],1
1,TRUE,1,4,600,[0 0 0 0 0 0 0 0],[177 101 164 0 58 0 190 0],[0.17 0.121 0.144 0 0.141 0 0.158 0],[9.674 6.493 8.443 0 5.281 0 3.162 0],[33 263 39 0 140 0 133 0],1
1,TRUE,1,4,700,[0 0 0 0 0 0 0 0],[197 134 264 0 87 0 268 0],[0.162 0.146 0.163 0 0.132 0 0.164 0],[9.236 7.319 9.164 0 4.958 0 3.125 0],[55 266 68 0 98 0 134 0],1
1,TRUE,1,4,800,[0 0 0 0 0 0 0 0],[235 114 364 0 48 0 191 0],[0.197 0.129 0.203 0 0.17 0 0.138 0],[10.819 6.866 10.25 0 5.75 0 3.459 0],[68 299 48 0 73 0 131 0],1
1,TRUE,1,4,900,[0 0 0 0 0 0 0 0],[335 92 464 0 61 0 261 0],[0.157 0.118 0.169 0 0.16 0 0.132 0],[8.688 6.378 9.319 0 5.513 0 2.824 0],[81 221 43 0 38 0 100 0],1
1,TRUE,1,4,1000,[0 0 0 0 0 0 0 0],[228 84 185 0 51 0 151 0],[0.14 0.12 0.143 0 0.108 0 0.124 0],[8.198 6.51 8.451 0 4.314 0 3.057 0],[82 332 44 0 15 0 117 0],1
2,TRUE,1,4,100,[0 0 0 0 0 0 0 0],[212 113 244 0 57 112 293 114],[0.198 0.111 0.208 0 0.157 0.168 0.116 0.598],[10.29 6.065 10.645 0 5.446 6.712 3.323 12.103],[117 78 65 0 67 42 144 8],1
2,TRUE,1,4,200,[0 0 0 0 0 0 0 0],[190 104 190 0 58 202 144 37],[0.1 0.085 0.1 0 0.123 0.187 0.12 0.157],[6.51 5.181 6.349 0 4.814 7.1 2.532 5.653],[104 88 53 0 53 11 70 3],1
2,TRUE,1,4,300,[0 0 0 0 0 0 0 0],[206 95 240 0 29 302 143 0],[0.152 0.12 0.153 0 0.102 0.21 0.152 0],[8.728 6.342 8.882 0 4.337 7.529 2.722 0],[152 127 109 0 42 20 114 0],1
2,TRUE,1,4,400,[0 0 0 0 0 0 0 0],[306 127 340 0 48 402 189 0],[0.225 0.134 0.181 0 0.162 0.337 0.126 0],[11.694 6.874 9.878 0 5.496 10.869 2.988 0],[183 143 156 0 28 12 116 0],1
2,TRUE,1,4,500,[0 0 0 0 0 0 0 0],[304 105 314 0 59 287 108 0],[0.152 0.105 0.132 0 0.105 0.453 0.111 0],[8.363 5.915 7.604 0 4.406 13.743 2.242 0],[110 100 101 0 47 7 48 0],1
2,TRUE,1,4,600,[0 0 0 0 0 0 0 0],[311 100 293 0 55 142 169 0],[0.173 0.146 0.162 0 0.165 0.165 0.111 0],[9.655 7.261 9.249 0 5.655 6.541 2.788 0],[146 179 154 0 97 5 60 0],1
2,TRUE,1,4,700,[0 0 0 0 0 0 0 0],[213 87 201 0 87 178 155 0],[0.161 0.11 0.129 0 0.109 0.331 0.16 0],[8.94 5.985 7.683 0 4.37 11.129 2.635 0],[113 132 111 0 60 3 23 0],1
2,TRUE,1,4,800,[0 0 0 0 0 0 0 0],[145 68 287 0 44 60 49 0],[0.097 0.082 0.105 0 0.112 0.14 0.112 0],[6.338 5.125 6.626 0 4.588 5.902 2.124 0],[83 151 134 0 71 1 23 0],1
2,TRUE,1,4,900,[0 0 0 0 0 0 0 0],[245 114 235 0 82 0 145 0],[0.15 0.14 0.159 0 0.149 0 0.107 0],[8.634 7.039 9.254 0 5.25 0 3.141 0],[94 227 195 0 77 0 28 0],1
2,TRUE,1,4,1000,[0 0 0 0 0 0 0 0],[203 131 234 0 47 0 148 0],[0.195 0.134 0.175 0 0.133 0 0.091 0],[10.42 6.837 9.707 0 5.039 0 3.017 0],[77 203 197 0 51 0 11 0],1
3,TRUE,1,4,100,[0 0 0 0 0 0 0 0],[195 116 161 11 72 112 204 113],[0.17 0.127 0.126 0.035 0.122 0.195 0.092 0.358],[9.339 6.671 7.708 2.379 4.66 7.511 2.792 8.3],[96 149 127 2 75 24 110 3],1
3,TRUE,1,4,200,[0 0 0 0 0 0 0 0],[271 182 198 0 70 201 299 0],[0.17 0.078 0.153 0 0.119 0.421 0.114 0],[9.195 4.813 8.663 0 4.618 13.381 3.083 0],[85 129 84 0 62 3 46 0],1
3,TRUE,1,4,300,[0 0 0 0 0 0 0 0],[193 121 276 0 52 16 245 0],[0.139 0.119 0.146 0 0.166 0.036 0.112 0],[8.309 6.366 8.465 0 5.623 2.569 3.032 0],[112 193 131 0 67 1 113 0],1
3,TRUE,1,4,400,[0 0 0 0 0 0 0 0],[228 151 235 0 35 116 180 0],[0.205 0.135 0.201 0 0.083 0.18 0.135 0],[10.903 6.797 10.86 0 3.787 6.9 3.355 0],[135 162 145 0 15 2 64 0],1
3,TRUE,1,4,500,[0 0 0 0 0 0 0 0],[253 89 335 0 30 67 212 0],[0.173 0.101 0.171 0 0.123 0.136 0.142 0],[9.514 5.755 9.346 0 5.003 5.8 2.681 0],[144 222 141 0 10 1 46 0],1
3,TRUE,1,4,600,[0 0 0 0 0 0 0 0],[246 103 192 0 19 95 131 0],[0.136 0.115 0.131 0 0.079 0.15 0.151 0],[7.986 6.188 7.808 0 3.818 6.135 2.741 0],[123 185 164 0 8 2 49 0],1
3,TRUE,1,4,700,[0 0 0 0 0 0 0 0],[196 114 240 0 18 0 226 0],[0.185 0.159 0.191 0 0.125 0 0.138 0],[10.244 7.453 10.545 0 5.133 0 3.165 0],[98 74 108 0 3 0 53 0],1
3,TRUE,1,4,800,[0 0 0 0 0 0 0 0],[256 88 272 0 0 0 93 0],[0.132 0.111 0.135 0 0 0 0.131 0],[7.812 6.13 8.071 0 0 0 2.411 0],[107 196 160 0 0 0 37 0],1
3,TRUE,1,4,900,[0 0 0 0 0 0 0 0],[332 111 289 0 0 0 166 0],[0.165 0.124 0.175 0 0 0 0.136 0],[9.363 6.662 9.751 0 0 0 2.802 0],[169 214 204 0 0 0 45 0],1
3,TRUE,1,4,1000,[0 0 0 0 0 0 0 0],[239 90 213 0 0 0 142 0],[0.14 0.09 0.135 0 0 0 0.159 0],[7.893 5.384 7.761 0 0 0 2.343 0],[120 99 154 0 0 0 20 0],1
4,TRUE,1,4,100,[0 0 0 0 0 0 0 0],[206 70 505 0 122 119 250 14],[0.222 0.146 0.196 0 0.17 0.156 0.128 0.065],[11.31 7.178 10.029 0 5.774 6.31 2.897 3.278],[58 48 60 0 104 16 92 1],1
4,TRUE,1,4,200,[0 0 0 0 0 0 0 0],[150 80 225 0 70 201 172 0],[0.142 0.124 0.169 0 0.151 0.235 0.119 0],[8.47 6.672 9.323 0 5.272 8.446 2.769 0],[74 91 68 0 104 10 120 0],1
4,TRUE,1,4,300,[0 0 0 0 0 0 0 0],[202 110 271 0 73 211 272 0],[0.181 0.135 0.169 0 0.151 0.261 0.148 0],[10.047 6.979 9.538 0 5.273 9.254 2.92 0],[88 137 134 0 86 8 179 0],1
4,TRUE,1,4,400,[0 0 0 0 0 0 0 0],[278 107 323 0 40 179 179 0],[0.166 0.083 0.158 0 0.077 0.541 0.158 0],[9.115 5.07 8.613 0 3.591 17.102 2.7 0],[82 94 116 0 37 1 163 0],1
4,TRUE,1,4,500,[0 0 0 0 0 0 0 0],[247 110 306 0 78 0 216 0],[0.145 0.141 0.181 0 0.128 0 0.141 0],[8.323 7.095 9.924 0 4.765 0 2.876 0],[88 113 131 0 42 0 195 0],1
4,TRUE,1,4,600,[0 0 0 0 0 0 0 0],[207 75 209 0 55 0 212 0],[0.159 0.124 0.149 0 0.156 0 0.142 0],[9.162 6.742 8.789 0 5.466 0 2.702 0],[77 95 180 0 47 0 161 0],1
4,TRUE,1,4,700,[0 0 0 0 0 0 0 0],[275 95 238 0 37 0 141 0],[0.185 0.148 0.171 0 0.154 0 0.142 0],[10.249 7.366 9.782 0 5.364 0 2.931 0],[96 83 209 0 21 0 236 0],1
4,TRUE,1,4,800,[0 0 0 0 0 0 0 0],[163 95 244 0 34 0 187 0],[0.136 0.09 0.137 0 0.127 0 0.16 0],[7.974 5.182 7.951 0 4.997 0 2.686 0],[76 55 169 0 33 0 143 0],1
4,TRUE,1,4,900,[0 0 0 0 0 0 0 0],[244 95 231 0 58 0 228 0],[0.223 0.122 0.178 0 0.125 0 0.145 0],[11.832 6.326 9.956 0 4.68 0 2.835 0],[88 75 214 0 29 0 163 0],1
4,TRUE,1,4,1000,[0 0 0 0 0 0 0 0],[254 150 248 0 32 0 277 0],[0.217 0.124 0.154 0 0.119 0 0.158 0],[11.206 6.322 8.653 0 4.722 0 2.744 0],[83 82 206 0 4 0 136 0],1
5,TRUE,1,4,100,[0 0 0 0 0 0 0 0],[225 89 281 0 95 107 212 0],[0.157 0.107 0.167 0 0.141 0.153 0.128 0],[8.461 5.847 9.026 0 5.009 6.246 2.505 0],[100 56 75 0 76 26 88 0],1
5,TRUE,1,4,200,[0 0 0 0 0 0 0 0],[319 101 113 0 45 204 123 0],[0.136 0.098 0.114 0 0.137 0.611 0.135 0],[7.872 5.771 7.25 0 5.143 18.775 2.449 0],[68 120 74 0 50 2 51 0],1
5,TRUE,1,4,300,[0 0 0 0 0 0 0 0],[216 114 212 0 81 304 196 0],[0.206 0.142 0.184 0 0.146 0.313 0.163 0],[11.279 7.145 10.245 0 5.401 9.8 2.896 0],[101 275 124 0 40 4 81 0],1
5,TRUE,1,4,400,[0 0 0 0 0 0 0 0],[228 141 240 0 35 138 210 0],[0.157 0.121 0.121 0 0.122 0.384 0.191 0],[8.874 6.509 7.317 0 4.795 13.046 2.622 0],[87 261 153 0 23 1 64 0],1
5,TRUE,1,4,500,[0 0 0 0 0 0 0 0],[236 121 250 0 24 238 232 0],[0.181 0.121 0.157 0 0.099 0.315 0.158 0],[10.083 6.452 8.936 0 4.393 10.265 2.93 0],[136 264 126 0 13 3 51 0],1
5,TRUE,1,4,600,[0 0 0 0 0 0 0 0],[267 194 234 0 51 0 209 0],[0.165 0.107 0.133 0 0.175 0 0.218 0],[9.027 5.794 7.865 0 5.733 0 2.858 0],[114 236 142 0 12 0 18 0],1
5,TRUE,1,4,700,[0 0 0 0 0 0 0 0],[220 126 245 0 18 0 157 0],[0.16 0.108 0.136 0 0.104 0 0.163 0],[9.241 6.087 8.15 0 4.569 0 3.36 0],[131 246 179 0 13 0 8 0],1
5,TRUE,1,4,800,[0 0 0 0 0 0 0 0],[276 129 202 0 0 0 145 0],[0.182 0.114 0.133 0 0 0 0.137 0],[9.807 6.118 7.832 0 0 0 2.544 0],[87 139 100 0 0 0 8 0],1
5,TRUE,1,4,900,[0 0 0 0 0 0 0 0],[310 109 171 0 0 0 2 0],[0.15 0.109 0.129 0 0 0 0.295 0],[8.484 5.909 7.781 0 0 0 1.607 0],[57 168 85 0 0 0 1 0],1
5,TRUE,1,4,1000,[0 0 0 0 0 0 0 0],[410 121 102 0 0 0 77 0],[0.134 0.095 0.092 0 0 0 0.13 0],[7.786 5.642 6.187 0 0 0 2.259 0],[91 331 47 0 0 0 8 0],1
1,FALSE,1,4,100,[0 0 0 0 0 0 0 0],[183 100 166 0 49 104 261 114],[0.132 0.109 0.144 0 0.117 0.157 0.164 0.249],[7.767 5.964 8.479 0 4.734 6.37 2.983 6.708],[57 92 57 0 43 20 53 6],2
1,FALSE,1,4,200,[0 0 0 0 0 0 0 0],[264 119 266 0 57 201 150 0],[0.158 0.132 0.163 0 0.134 0.343 0.174 0],[9.077 6.823 9.19 0 4.915 11.411 2.506 0],[113 123 131 0 56 8 66 0],2
1,FALSE,1,4,300,[0 0 0 0 0 0 0 0],[364 219 247 0 95 301 250 0],[0.162 0.134 0.15 0 0.17 0.39 0.144 0],[9.121 6.871 8.609 0 5.712 11.814 3.01 0],[129 151 191 0 40 3 81 0],2
1,FALSE,1,4,400,[0 0 0 0 0 0 0 0],[464 122 336 0 23 111 161 0],[0.162 0.1 0.124 0 0.099 0.122 0.118 0],[8.871 5.692 7.435 0 4.398 5.269 2.892 0],[91 159 183 0 12 4 50 0],2
1,FALSE,1,4,500,[0 0 0 0 0 0 0 0],[467 85 230 0 37 0 128 0],[0.169 0.105 0.151 0 0.202 0 0.176 0],[9.141 5.848 8.568 0 6.435 0 2.667 0],[86 170 140 0 3 0 41 0],2
1,FALSE,1,4,600,[0 0 0 0 0 0 0 0],[245 97 330 0 0 0 127 0],[0.153 0.118 0.192 0 0 0 0.117 0],[8.781 6.427 9.98 0 0 0 2.578 0],[84 301 116 0 0 0 78 0],2
1,FALSE,1,4,700,[0 0 0 0 0 0 0 0],[345 89 345 0 0 0 155 0],[0.171 0.108 0.159 0 0 0 0.127 0],[9.416 5.933 8.819 0 0 0 2.873 0],[106 230 136 0 0 0 67 0],2
1,FALSE,1,4,800,[0 0 0 0 0 0 0 0],[445 115 286 0 0 0 174 0],[0.195 0.14 0.183 0 0 0 0.134 0],[10.498 7.053 10.044 0 0 0 3.381 0],[125 231 189 0 0 0 83 0],2
1,FALSE,1,4,900,[0 0 0 0 0 0 0 0],[237 176 199 0 0 0 268 0],[0.21 0.111 0.15 0 0 0 0.149 0],[11.064 6.039 8.634 0 0 0 2.956 0],[127 222 148 0 0 0 83 0],2
1,FALSE,1,4,1000,[0 0 0 0 0 0 0 0],[236 93 290 0 0 0 111 0],[0.174 0.139 0.185 0 0 0 0.163 0],[9.783 6.976 10.236 0 0 0 2.627 0],[159 272 144 0 0 0 74 0],2
2,FALSE,1,4,100,[0 0 0 0 0 0 0 0],[220 116 332 0 72 110 293 112],[0.154 0.136 0.169 0 0.147 0.165 0.099 0.476],[8.606 6.908 9.075 0 5.244 6.618 2.958 10.266],[148 106 110 0 103 41 104 3],2
2,FALSE,1,4,200,[0 0 0 0 0 0 0 0],[313 179 228 0 46 201 270 212],[0.162 0.112 0.155 0 0.136 0.184 0.153 0.332],[9.01 6.056 8.794 0 5.036 6.802 2.542 6.903],[115 29 89 0 45 13 73 3],2
2,FALSE,1,4,300,[0 0 0 0 0 0 0 0],[269 95 256 0 60 162 149 0],[0.134 0.104 0.127 0 0.129 0.303 0.181 0],[7.952 5.807 7.655 0 4.812 10.69 2.817 0],[128 60 132 0 85 4 75 0],2
2,FALSE,1,4,400,[0 0 0 0 0 0 0 0],[369 103 237 0 53 238 220 0],[0.185 0.134 0.151 0 0.147 0.353 0.12 0],[10.207 6.944 8.765 0 5.298 11.453 2.822 0],[134 105 191 0 81 4 84 0],2
2,FALSE,1,4,500,[0 0 0 0 0 0 0 0],[283 77 238 0 69 0 217 0],[0.215 0.127 0.161 0 0.123 0 0.123 0],[11.089 6.711 9.058 0 4.602 0 2.862 0],[127 87 210 0 60 0 63 0],2
2,FALSE,1,4,600,[0 0 0 0 0 0 0 0],[344 56 267 0 39 0 317 0],[0.165 0.088 0.139 0 0.125 0 0.135 0],[9.117 5.299 7.861 0 4.9 0 2.555 0],[108 59 130 0 76 0 75 0],2
2,FALSE,1,4,700,[0 0 0 0 0 0 0 0],[444 66 364 0 39 0 144 0],[0.168 0.084 0.149 0 0.08 0 0.133 0],[9.022 5.234 8.413 0 3.79 0 2.542 0],[110 78 152 0 37 0 69 0],2
2,FALSE,1,4,800,[0 0 0 0 0 0 0 0],[298 82 138 0 49 0 116 0],[0.124 0.109 0.129 0 0.12 0 0.165 0],[7.58 6.107 7.933 0 4.679 0 2.819 0],[144 149 160 0 60 0 54 0],2
2,FALSE,1,4,900,[0 0 0 0 0 0 0 0],[212 98 177 0 34 0 149 0],[0.143 0.096 0.136 0 0.128 0 0.162 0],[8.407 5.523 8.007 0 5.054 0 2.976 0],[159 130 118 0 38 0 34 0],2
2,FALSE,1,4,1000,[0 0 0 0 0 0 0 0],[243 82 267 0 55 0 239 0],[0.16 0.12 0.183 0 0.155 0 0.162 0],[9.102 6.403 10.067 0 5.376 0 3.224 0],[76 177 86 0 26 0 47 0],2
3,FALSE,1,4,100,[0 0 0 0 0 0 0 0],[213 114 209 0 74 106 289 18],[0.161 0.106 0.146 0 0.146 0.157 0.145 0.071],[8.846 6.02 8.383 0 5.249 6.353 2.732 3.443],[115 97 114 0 91 20 86 1],2
3,FALSE,1,4,200,[0 0 0 0 0 0 0 0],[290 108 156 0 60 201 162 0],[0.163 0.113 0.127 0 0.138 0.183 0.166 0],[8.993 6.09 7.652 0 5.065 6.984 2.906 0],[101 134 106 0 108 17 70 0],2
3,FALSE,1,4,300,[0 0 0 0 0 0 0 0],[101 36 133 0 62 301 177 0],[0.083 0.068 0.087 0 0.109 0.949 0.163 0],[5.686 4.741 5.867 0 4.361 25.707 2.402 0],[38 25 42 0 47 1 41 0],2
3,FALSE,1,4,400,[0 0 0 0 0 0 0 0],[116 62 179 0 62 96 135 0],[0.134 0.113 0.152 0 0.155 0.175 0.122 0],[8.175 6.306 8.798 0 5.481 6.848 2.702 0],[66 135 93 0 146 2 86 0],2
3,FALSE,1,4,500,[0 0 0 0 0 0 0 0],[173 143 257 0 92 196 145 0],[0.17 0.129 0.182 0 0.169 0.392 0.153 0],[9.589 6.698 9.984 0 5.719 12.832 2.794 0],[79 168 121 0 123 3 114 0],2
3,FALSE,1,4,600,[0 0 0 0 0 0 0 0],[208 75 180 0 55 0 215 0],[0.111 0.108 0.131 0 0.116 0 0.161 0],[6.888 6.216 7.915 0 4.648 0 2.843 0],[32 133 86 0 127 0 74 0],2
3,FALSE,1,4,700,[0 0 0 0 0 0 0 0],[149 83 215 0 47 0 152 0],[0.177 0.121 0.165 0 0.128 0 0.14 0],[9.936 6.464 9.354 0 4.902 0 3.124 0],[26 165 146 0 115 0 109 0],2
3,FALSE,1,4,800,[0 0 0 0 0 0 0 0],[130 122 228 0 58 0 97 0],[0.15 0.106 0.163 0 0.154 0 0.138 0],[8.795 5.902 9.15 0 5.332 0 2.094 0],[32 211 153 0 76 0 72 0],2
3,FALSE,1,4,900,[0 0 0 0 0 0 0 0],[229 115 232 0 57 0 137 0],[0.153 0.111 0.176 0 0.137 0 0.106 0],[8.432 6.205 9.733 0 5.038 0 3.007 0],[38 272 164 0 66 0 64 0],2
3,FALSE,1,4,1000,[0 0 0 0 0 0 0 0],[173 80 305 0 44 0 152 0],[0.116 0.12 0.177 0 0.116 0 0.115 0],[7.175 6.509 9.712 0 4.63 0 2.706 0],[32 262 140 0 42 0 75 0],2
4,FALSE,1,4,100,[0 0 0 0 0 0 0 0],[208 98 188 0 64 101 230 16],[0.131 0.103 0.139 0 0.124 0.121 0.133 0.06],[7.406 5.775 7.997 0 4.727 5.225 2.772 3.134],[95 112 77 0 47 17 82 1],2
4,FALSE,1,4,200,[0 0 0 0 0 0 0 0],[290 102 250 0 56 201 163 0],[0.144 0.11 0.162 0 0.122 0.263 0.134 0],[8.265 6.142 9.142 0 4.766 9.137 2.745 0],[147 168 76 0 50 13 135 0],2
4,FALSE,1,4,300,[0 0 0 0 0 0 0 0],[300 123 210 0 100 301 263 0],[0.197 0.163 0.197 0 0.147 0.429 0.131 0],[10.812 7.812 10.792 0 5.204 13.249 2.851 0],[167 164 94 0 71 4 141 0],2
4,FALSE,1,4,400,[0 0 0 0 0 0 0 0],[235 93 181 0 53 0 246 0],[0.133 0.096 0.118 0 0.157 0 0.139 0],[8.042 5.596 7.259 0 5.599 0 2.628 0],[104 118 78 0 97 0 70 0],2
4,FALSE,1,4,500,[0 0 0 0 0 0 0 0],[205 129 230 0 67 0 84 0],[0.174 0.134 0.159 0 0.145 0 0.144 0],[9.908 6.862 9.119 0 5.181 0 2.558 0],[98 189 58 0 156 0 49 0],2
4,FALSE,1,4,600,[0 0 0 0 0 0 0 0],[226 69 242 0 53 0 161 0],[0.15 0.105 0.121 0 0.138 0 0.139 0],[8.684 6.038 7.415 0 5.175 0 3.127 0],[86 220 81 0 148 0 66 0],2
4,FALSE,1,4,700,[0 0 0 0 0 0 0 0],[196 87 192 0 68 0 154 0],[0.155 0.094 0.135 0 0.108 0 0.122 0],[8.836 5.468 7.995 0 4.347 0 2.872 0],[70 138 93 0 65 0 42 0],2
4,FALSE,1,4,800,[0 0 0 0 0 0 0 0],[296 88 292 0 96 0 217 0],[0.16 0.131 0.173 0 0.167 0 0.11 0],[9.131 6.839 9.736 0 5.666 0 3.232 0],[115 192 146 0 79 0 89 0],2
4,FALSE,1,4,900,[0 0 0 0 0 0 0 0],[396 93 285 0 97 0 170 0],[0.156 0.109 0.133 0 0.132 0 0.12 0],[8.741 6.037 7.905 0 4.934 0 2.789 0],[67 213 89 0 37 0 66 0],2
4,FALSE,1,4,1000,[0 0 0 0 0 0 0 0],[213 77 237 0 30 0 138 0],[0.166 0.125 0.168 0 0.112 0 0.133 0],[9.394 6.744 9.582 0 4.657 0 3.443 0],[63 265 136 0 21 0 78 0],2
5,FALSE,1,4,100,[0 0 0 0 0 0 0 0],[212 70 286 0 117 114 291 113],[0.169 0.101 0.14 0 0.142 0.162 0.117 0.802],[8.913 5.771 8.151 0 5.129 6.514 2.636 14.838],[118 62 121 0 98 25 131 1],2
5,FALSE,1,4,200,[0 0 0 0 0 0 0 0],[312 113 241 0 58 206 192 0],[0.194 0.119 0.168 0 0.144 0.301 0.145 0],[10.331 6.351 9.349 0 5.317 10.218 2.892 0],[130 74 196 0 71 15 127 0],2
5,FALSE,1,4,300,[0 0 0 0 0 0 0 0],[412 106 245 0 74 301 201 0],[0.224 0.118 0.189 0 0.138 0.401 0.182 0],[11.352 6.187 10.162 0 4.978 12.362 2.832 0],[139 47 247 0 42 7 102 0],2
5,FALSE,1,4,400,[0 0 0 0 0 0 0 0],[274 39 276 0 33 211 149 0],[0.105 0.09 0.131 0 0.113 0.257 0.182 0],[6.478 5.593 7.588 0 4.622 8.995 2.391 0],[75 27 154 0 19 6 60 0],2
5,FALSE,1,4,500,[0 0 0 0 0 0 0 0],[147 91 146 0 36 0 178 0],[0.114 0.109 0.106 0 0.104 0 0.132 0],[7.122 6.098 6.802 0 4.439 0 2.758 0],[61 89 193 0 84 0 67 0],2
5,FALSE,1,4,600,[0 0 0 0 0 0 0 0],[221 106 213 0 65 0 278 0],[0.187 0.146 0.15 0 0.142 0 0.129 0],[10.233 7.357 8.777 0 5.222 0 2.959 0],[69 168 218 0 80 0 76 0],2
5,FALSE,1,4,700,[0 0 0 0 0 0 0 0],[312 80 274 0 59 0 154 0],[0.186 0.084 0.172 0 0.132 0 0.151 0],[9.975 5.227 9.521 0 4.854 0 3.133 0],[77 133 244 0 53 0 66 0],2
5,FALSE,1,4,800,[0 0 0 0 0 0 0 0],[245 74 254 0 98 0 189 0],[0.146 0.115 0.13 0 0.219 0 0.22 0],[8.445 6.111 7.63 0 6.416 0 2.398 0],[37 49 112 0 13 0 32 0],2
5,FALSE,1,4,900,[0 0 0 0 0 0 0 0],[196 159 312 0 49 0 259 0],[0.15 0.145 0.168 0 0.188 0 0.145 0],[8.873 7.29 9.622 0 6.118 0 2.997 0],[80 111 279 0 27 0 96 0],2
5,FALSE,1,4,1000,[0 0 0 0 0 0 0 0],[200 89 228 0 43 0 180 0],[0.13 0.124 0.124 0 0.209 0 0.112 0],[7.875 6.688 7.526 0 6.833 0 2.742 0],[51 156 309 0 16 0 61 0],2
